URL,source
https://oling.fr/,router
https://oling.fr/a-propos,router
https://oling.fr/a-propos/client,router
https://oling.fr/a-propos/metiers,router
https://oling.fr/a-propos/politiquergpd,router
https://oling.fr/a-propos/politiquesecurite,router
https://oling.fr/a-propos/rse,router
https://oling.fr/a-propos/team,router
https://oling.fr/amoa-si,router
https://oling.fr/cabinet-conseil-bordeaux,router
https://oling.fr/cabinet-conseil-guadeloupe,router
https://oling.fr/cabinet-conseil-guyane,router
https://oling.fr/cabinet-conseil-lyon,router
https://oling.fr/cabinet-conseil-martinique,router
https://oling.fr/cabinet-conseil-montpellier,router
https://oling.fr/cabinet-conseil-nantes,router
https://oling.fr/cabinet-conseil-paris,router
https://oling.fr/cabinet-conseil-reunion,router
https://oling.fr/cabinet-conseil-saint-pierre-et-miquelon,router
https://oling.fr/cabinet-conseil-toulouse,router
https://oling.fr/conformite-reglementaire,router
https://oling.fr/conseil-qualite,router
https://oling.fr/contact,router
https://oling.fr/crm,router
https://oling.fr/cyber-securite,router
https://oling.fr/direction-conformite-externalisee,router
https://oling.fr/direction-qualite-deleguee,router
https://oling.fr/dsi-externalisee,router
https://oling.fr/erp-progiciel,router
https://oling.fr/expertises,router
https://oling.fr/facturation-electronique-amoa,router
https://oling.fr/gestion-risques-audit-controle-interne,router
https://oling.fr/gmao,router
https://oling.fr/hexagone-drom-dom-tom,router
https://oling.fr/infrastructure-si-amoa,router
https://oling.fr/mapsi-progiciel,router
https://oling.fr/mentions-legales,router
https://oling.fr/metropoles-hexagone,router
https://oling.fr/practice/business-apps,router
https://oling.fr/practice/consulting,router
https://oling.fr/practice/expertises-audit,router
https://oling.fr/projets,router
https://oling.fr/projets/more,router
https://oling.fr/public-pme-eti,router
https://oling.fr/ressources,router
https://oling.fr/rgpd,router
https://oling.fr/secteurs,router
https://oling.fr/services,router
https://oling.fr/si-finance,router
