checked_at,request_url,status_code,redirect_url,classification
2026-08-18,http://oling.fr/,301,https://oling.fr/,ok_http_to_https
2026-08-18,http://oling.fr/amoa-si,301,https://oling.fr/amoa-si,ok_http_to_https
2026-08-18,http://oling.fr/business-apps/erp,301,https://oling.fr/business-apps/erp,ok_http_to_https
2026-08-18,http://oling.fr/erp-progiciel,301,https://oling.fr/erp-progiciel,ok_http_to_https
2026-08-18,http://oling.fr/crm,301,https://oling.fr/crm,ok_http_to_https
2026-08-18,http://oling.fr/gmao,301,https://oling.fr/gmao,ok_http_to_https
2026-08-18,http://oling.fr/si-finance,301,https://oling.fr/si-finance,ok_http_to_https
2026-08-18,http://oling.fr/mapsi/integration-progiciel,301,https://oling.fr/mapsi/integration-progiciel,ok_http_to_https
2026-08-18,http://oling.fr/expertises-audit/rgpd,301,https://oling.fr/expertises-audit/rgpd,ok_http_to_https
2026-08-18,http://oling.fr/expertises-audit/qse,301,https://oling.fr/expertises-audit/qse,ok_http_to_https
2026-08-18,http://oling.fr/projets,301,https://oling.fr/projets,ok_http_to_https
2026-08-18,http://oling.fr/ressources,301,https://oling.fr/ressources,ok_http_to_https
2026-08-18,http://oling.fr/contact,301,https://oling.fr/contact,ok_http_to_https
2026-08-18,http://www.oling.fr/,301,https://oling.fr/,ok_www_redirect
2026-08-18,http://www.oling.fr/amoa-si,301,https://oling.fr/amoa-si,ok_www_redirect
2026-08-18,http://www.oling.fr/business-apps/erp,301,https://oling.fr/business-apps/erp,ok_www_redirect
2026-08-18,http://www.oling.fr/erp-progiciel,301,https://oling.fr/erp-progiciel,ok_www_redirect
2026-08-18,http://www.oling.fr/crm,301,https://oling.fr/crm,ok_www_redirect
2026-08-18,http://www.oling.fr/gmao,301,https://oling.fr/gmao,ok_www_redirect
2026-08-18,http://www.oling.fr/si-finance,301,https://oling.fr/si-finance,ok_www_redirect
2026-08-18,http://www.oling.fr/mapsi/integration-progiciel,301,https://oling.fr/mapsi/integration-progiciel,ok_www_redirect
2026-08-18,http://www.oling.fr/expertises-audit/rgpd,301,https://oling.fr/expertises-audit/rgpd,ok_www_redirect
2026-08-18,http://www.oling.fr/expertises-audit/qse,301,https://oling.fr/expertises-audit/qse,ok_www_redirect
2026-08-18,http://www.oling.fr/projets,301,https://oling.fr/projets,ok_www_redirect
2026-08-18,http://www.oling.fr/ressources,301,https://oling.fr/ressources,ok_www_redirect
2026-08-18,http://www.oling.fr/contact,301,https://oling.fr/contact,ok_www_redirect
2026-08-18,https://www.oling.fr/,301,https://oling.fr/,ok_www_redirect
2026-08-18,https://www.oling.fr/amoa-si,301,https://oling.fr/amoa-si,ok_www_redirect
2026-08-18,https://www.oling.fr/business-apps/erp,301,https://oling.fr/business-apps/erp,ok_www_redirect
2026-08-18,https://www.oling.fr/erp-progiciel,301,https://oling.fr/erp-progiciel,ok_www_redirect
2026-08-18,https://www.oling.fr/crm,301,https://oling.fr/crm,ok_www_redirect
2026-08-18,https://www.oling.fr/gmao,301,https://oling.fr/gmao,ok_www_redirect
2026-08-18,https://www.oling.fr/si-finance,301,https://oling.fr/si-finance,ok_www_redirect
2026-08-18,https://www.oling.fr/mapsi/integration-progiciel,301,https://oling.fr/mapsi/integration-progiciel,ok_www_redirect
2026-08-18,https://www.oling.fr/expertises-audit/rgpd,301,https://oling.fr/expertises-audit/rgpd,ok_www_redirect
2026-08-18,https://www.oling.fr/expertises-audit/qse,301,https://oling.fr/expertises-audit/qse,ok_www_redirect
2026-08-18,https://www.oling.fr/projets,301,https://oling.fr/projets,ok_www_redirect
2026-08-18,https://www.oling.fr/ressources,301,https://oling.fr/ressources,ok_www_redirect
2026-08-18,https://www.oling.fr/contact,301,https://oling.fr/contact,ok_www_redirect
2026-08-18,https://oling.fr/,200,,ok_canonical
2026-08-18,https://oling.fr/amoa-si,200,,ok_canonical
2026-08-18,https://oling.fr/business-apps/erp,200,,ok_canonical
2026-08-18,https://oling.fr/erp-progiciel,200,,ok_canonical
2026-08-18,https://oling.fr/crm,200,,ok_canonical
2026-08-18,https://oling.fr/gmao,200,,ok_canonical
2026-08-18,https://oling.fr/si-finance,200,,ok_canonical
2026-08-18,https://oling.fr/mapsi/integration-progiciel,200,,ok_canonical
2026-08-18,https://oling.fr/expertises-audit/rgpd,200,,ok_canonical
2026-08-18,https://oling.fr/expertises-audit/qse,200,,ok_canonical
2026-08-18,https://oling.fr/projets,200,,ok_canonical
2026-08-18,https://oling.fr/ressources,200,,ok_canonical
2026-08-18,https://oling.fr/contact,200,,ok_canonical
